<?xml version="1.1" encoding="UTF-8" standalone="yes"?>
<addon id="plugin.program.nolimits" name="[B][COLOR lime]No Limits[/COLOR][/B]" version="0.0.3" provider-name="Axem">
  <extension point="xbmc.service" library="service.py" />
  <extension point="xbmc.python.pluginsource" library="service.py">
    <provides>executable</provides>
  </extension>
  <extension point="xbmc.addon.metadata">
    <summary lang="en">TMdB Helper No Limits</summary>
    <language>en</language>
    <description lang="en"></description>
     <platform>all</platform>
  </extension>
</addon>
